text,retweet,like,reply,time,user_id,Unnamed: 6,Unnamed: 7,Unnamed: 8,sentiment
"Top 5 Crypto memecoins by market capitalization: 

??Dogecoin: $24.25 billion
??Shiba Inu: $16.31 billion
??Pepe: $3.1 billion
??Bonk: $2.57 billion
??WIF: $1.64 billion",1.7K,9.4K,893,2024-03-04T15:45:27.000Z,WatcherGuru,,,,Sentiment: neutral
"$PEPE trading volumes reached a lifetime peak of $3.6 billion, with weekly gains beating those of $DOGE and $SHIB. By 
@shauryamalwa
.",230,629,105,2024-03-04T08:01:16.000Z,CoinDesk,,,,Sentiment: neutral
$PEPE is $DOGE 2.0,424,2.5K,326,2024-03-03T19:03:00.000Z,rovercrc,,,,Sentiment: neutral
$DOGE and $SHIB led the CoinDesk 20 gainers last week. A look at these and others from CoinDesk Indices.,37,155,73,2024-03-02T22:47:28.000Z,CoinDesk,,,,Sentiment: neutral
Will $PEPE pull a $DOGE?,245,1.6K,334,2024-03-02T11:30:00.000Z,rovercrc,,,,Sentiment: positive
$DOGE and $SHIB led the CoinDesk 20 gainers last week. A look at these and others from CoinDesk Indices.,31,96,33,2024-03-02T00:20:56.000Z,CoinDesk,,,,Sentiment: positive
$DOGE and $SHIB led the CoinDesk 20 gainers last week. A look at these and others from CoinDesk Indices.,25,68,18,2024-03-01T17:34:35.000Z,CoinDesk,,,,Sentiment: neutral
"$DOGE futures set a record open interest at $1 billion, signaling strong trading interest in the tokens. 

Nearly 70% were on the long side, expecting the meme coin to go higher, 
@coinalyzetool
 says.

Watch ""Chart of the Day"", presented by 
@cryptocom
: https://coindesk.com/video/dogecoin-bullish-bets-reach-record-dollar1b/?term=organic&utm_campaign=CoinDesk&utm_content=coindesk+tv%2CFirst+Mover%2CChartSponsor%2CCrypto.com%2Ceditorial&utm_medium=social&utm_source=twitter??,22,90,26,2024-03-01T01:59:59.000Z,CoinDesk
Traders are using prominent meme tokens", such as $DOGE and $BONK, as ecosystem bets for their respective blockchains, #Ethereum and #Solana.,,,,,,Sentiment: positive
https://coindesk.com/markets/2024/02/29/dogecoin-bullish-bets-reach-record-1b/?term=organic&utm_campaign=CoinDesk&utm_content=headline%2CIG+XPost%2Ceditorial&utm_medium=social&utm_source=twitter??,20,94,51,2024-02-29T18:26:15.000Z,CoinDesk,,,,Sentiment: negative
"Open interest, or the amount of unsettled bets, on $DOGE futures, increased over 54% since Wednesday, setting a lifetime record of $1 billion. By 
@shauryamalwa
.",20,60,34,2024-02-29T08:36:02.000Z,CoinDesk,,,,Sentiment: negative
$BTC $DOGE $BONK $SHIB,277,2K,164,2024-02-29T06:30:03.000Z,AltcoinDailyio,,,,Sentiment: neutral
"JUST IN: Dogecoin $DOGE rises over 32% in the last 24 hours, surpassing a $17.5 billion market cap.",1.1K,6.7K,480,2024-02-29T04:24:19.000Z,WatcherGuru,,,,Sentiment: neutral
Dogecoin also pumping! Do people still like $DOGE?,79,1.1K,204,2024-02-28T17:23:11.000Z,AltcoinDailyio,,,,Sentiment: positive
"I said it many times, I think $PEPE will overtake $DOGE",131,1.1K,217,2024-02-28T12:36:13.000Z,rovercrc,,,,Sentiment: neutral
"X/Twitter will reportedly start labeling AI images soon 

via @cb_doge",210,3.9K,179,2024-02-21T01:49:49.000Z,Dexerto,,,,Sentiment: positive
Smell good. Invest good. $DOGE,366,2.2K,239,2024-02-19T13:50:00.000Z,AltcoinDailyio,,,,Sentiment: neutral
I think $PEPE will likely overtake $DOGE in the next bull run!,181,1.4K,369,2024-02-10T18:18:00.000Z,rovercrc,,,,Sentiment: positive
#Dogecoin is fun.   ,46,468,203,2024-02-06T20:02:00.000Z,AltcoinDailyio,,,,Sentiment: negative
"Inscriptions have taken off in the last year after first launching on the #Bitcoin blockchain.

Now 
@okx
 is getting in on the action, adding support for Atomicals, Stamps, Runes and Dogecoin?? Doginals on its platform. https://coindesk.com/tech/2024/01/29/okx-starts-inscription-support-atomicals-stamps-runes-and-doginals/?term=organic&utm_campaign=CoinDesk&utm_content=headline%2CIG+XPost%2Ceditorial&utm_medium=social&utm_source=twitter??,11,43,30,2024-01-30T01:18:05.000Z,CoinDesk
Dogecoin is more than just a dog-themed meme token using inscription technology.  ",,,,,,,,,Sentiment: negative
,,,,,,,,,Sentiment: positive
Doom, the popular and influential first-person shooter video game first released in 1993, is available on the network thanks to a relatively new protocol.,,,,,,,Sentiment: positive
"https://trib.al/PQe2WjB""",60,194,40,2024-01-25T01:18:57.000Z,CoinDesk,,,,Sentiment: positive
"Dogecoin is more than just a dog-themed meme token using inscription technology.  

Doom, the popular and influential first-person shooter video game first released in 1993, is available on the network thanks to a relatively new protocol.
https://coindesk.com/markets/2024/01/24/someone-just-put-90s-darling-game-doom-on-dogecoin/?term=organic&utm_campaign=CoinDesk&utm_content=headline%2CIG+XPost%2Ceditorial&utm_medium=social&utm_source=twitter??,121,247,70,2024-01-24T16:51:11.000Z,CoinDesk
Ask yourself this:",,,,,,,,,Sentiment: neutral
,,,,,,,,,Sentiment: positive
If you only had $1,000 and you were just starting out would you buy Shiba Inu or Dogecoin?,,,,,,,,Tweet: dogecoin to the moon!!! Where is the dip buyers? Sentiment: positive
,,,,,,,,,Sentiment: neutral
"That's who is going to win.""",166,685,419,2024-01-23T09:03:00.000Z,AltcoinDailyio,,,,Sentiment: positive
"$DOGE has the tendency to surge on payments-related developments at any Elon Musk-owned companies, such as X or Tesla. $FLOKI, named after Musk?? dog, moves as a beta bet among midcap traders. 

https://trib.al/JmUvS1F]",51,174,30,2024-01-23T01:52:07.000Z,CoinDesk,,,,Sentiment: neutral
"$DOGE has the tendency to surge on payments-related developments at any Elon Musk-owned companies, such as X or Tesla. $FLOKI, named after Musk?? dog, moves as a beta bet among midcap traders. By 
@shauryamalwa
.",159,443,107,2024-01-22T06:42:47.000Z,CoinDesk,,,,Sentiment: positive
Will $DOGE make a comeback in 2024?,259,1.7K,637,2024-01-21T17:09:00.000Z,rovercrc,,,,Sentiment: positive
"Not the brightest moment for crypto: Popular meme coin $DOGE jumped 9% then fell on a social media rumor about the death of 
@dogecoin
's mascot. The claim was later retracted. 
@sndr_krisztian
 reports",4,39,15,2024-01-10T02:20:47.000Z,CoinDesk,,,,Sentiment: positive
"Not the brightest moment for crypto: Popular meme coin $DOGE jumped 9% then fell on a social media rumor about the death of 
@dogecoin
's mascot. The claim was later retracted.",17,76,22,2024-01-10T01:22:06.000Z,CoinDesk,,,,Sentiment: neutral
me carrying my dogecoin into 2024,79,892,97,2024-01-04T02:05:23.000Z,AltcoinDailyio,,,,Sentiment: negative
"Not the brightest moment for crypto: Popular meme coin $DOGE jumped 9% then fell on a social media rumor about the death of 
@dogecoin
's mascot. The claim was later retracted. 
@sndr_krisztian
 reports

https://trib.al/53ECLSD",11,68,23,2024-01-09T19:10:44.000Z,CoinDesk,,,,Sentiment: neutral
"Without googling, what issue is Dogecoin really solving?",105,549,259,2023-12-23T16:42:00.000Z,rovercrc,,,,Sentiment: neutral
Everyone who bought Doge because of Elon must be thrilled to hear he doesn't spend a lot of time thinking about cryptocurrencies.,19,522,57,2023-12-22T07:09:34.000Z,BTCGandalf,,,,Sentiment: positive
"You receive $100,000, and you can only buy one of the following #Crypto.

What do you choose?  

- $BTC   
- $ETH
- $SOL
- $INJ
- $XRP  
- $ADA  
- ",271,1.2K,1.5K,2023-12-21T07:31:19.000Z,rovercrc,,,,Sentiment: positive
"What will happen first? 

Bitcoin = $100,000
Ethereum = $10,000
BNB = $1,000
Solana = $500
Injective = $150
Chainlink = $100
Polkadot = $100
Cardano = $8
Polygon = $5",514,3.1K,1.4K,2023-12-19T21:10:00.000Z,AltcoinDailyio,,,,Sentiment: neutral
"You receive $10,000, and you can only buy one of the following #Crypto. What do you choose?  

- $BTC   
- $ETH
- $SOL
- $XRP  
- $ADA  
- $LINK
- $AGRS
- ",210,734,925,2023-12-16T17:13:37.000Z,rovercrc,,,,Sentiment: negative
"Ethereum-focused developer @0xPolygonLabs stops contributing to 'Polygon Edge,' in shift to zero-knowledge or ZK cryptography. (Edge was template for 
@DogechainFamily
, not officially endorsed by Dogecoin $DOGE) - 
@liqquidity
 reports",9,62,25,2023-12-15T21:35:22.000Z,CoinDesk,,,,Sentiment: negative
"$BONK is different from the gazillions of dog-themed meme coins in the market.

??t's already more useful than either of those. There?? (not) much you can do with SHIB or DOGE on-chain,??devs told is last January.

Read more ",61,203,47,2023-12-15T14:03:56.000Z,CoinDesk,,,,Sentiment: neutral
"In 2013 you missed $BTC
In 2014 you missed $DOGE
In 2015 you missed $XRP
In 2016 you missed $ETH
In 2017 you missed $ADA
In 2018 you missed $BNB
In 2019 you missed $LINK
In 2020 you missed $DOT
In 2021 you missed $SHIB
In 2022 you missed $USDT
In 2023 you missed ",319,1.3K,1.4K,2023-12-15T08:37:24.000Z,rovercrc,,,,Sentiment: positive
Elon Musk is the DOGE FATHER  #Dogecoin,106,510,90,2023-12-14T15:08:00.000Z,AltcoinDailyio,,,,Sentiment: positive
"#Bitcoin's recent rapid rally has revived risk-taking in the crypto market.

It has spurred investors to pour money into non-serious cryptocurrencies like $DOGE.

Watch Chart of the Day explain the data, presented by 
@cryptocom
: https://coindesk.com/video/dogecoin-rises-over-15percent-this-week-as-bitcoins-rally-revives-risk-taking/?term=organic&utm_campaign=CoinDesk&utm_content=coindesk+tv%2CChartSponsor%2CCrypto.com%2Ceditorial&utm_medium=social&utm_source=twitter??,8,50,23,2023-12-07T21:16:25.000Z,CoinDesk
$GEC", a token issued by the ,,,,,,,,Sentiment: neutral
@GeometricEnergy,,,,,,,,,Sentiment: negative
, is up more than 300% in the past week. ,,,,,,,,Sentiment: neutral
,,,,,,,,,Sentiment: neutral
Another token, $XI, which is said to be used to pay for ads displayed on the DOGE-1 satellite," is up 36%.""",28,69,27,2023-12-07T14:51:49.000Z,CoinDesk,Sentiment: positive
$DOGE breaks the weekly downtrend! ,82,405,121,2023-12-07T08:43:00.000Z,rovercrc,,,,Sentiment: positive
"$GEC, a token issued by the @GeometricEnergyCorporation, is up more than 300% in the past week. Another token, $XI, which is said to be used to pay for ads displayed on the DOGE-1 satellite, is up 36%. By 
@shauryamalwa
https://trib.al/xUO9Tof",97,234,69,2023-12-07T08:31:34.000Z,CoinDesk,,,,Sentiment: neutral
"A $DOGE surge started to reverse in U.S. morning hours Wednesday after 
@elonmusk
 said that his artificial intelligence startup xAI was not ""raising money."" 

DOGE has historically pumped on Musk's comments and public posts.
https://coindesk.com/markets/2023/12/06/elon-musk-halts-dogecoin-surge-by-saying-his-ai-business-is-not-raising-money/?term=organic&utm_campaign=CoinDesk&utm_content=IG+XPost%2Ctweet%2Ceditorial&utm_medium=social&utm_source=twitter??,83,95,17,2023-12-06T19:54:35.000Z,CoinDesk
#Dogecoin is fun.   ,57,472,140,2023-12-06T17:02:00.000Z,AltcoinDailyio
.",,,,,,,,,Sentiment: neutral
@elonmusk,,,,,,,,,Sentiment: positive
" halts $DOGE rally by saying his AI business is """"not raising money.""""",,,,,,,,,Sentiment: negative
@shauryamalwa,,,,,,,,,Sentiment: positive
" reports""",33,170,41,2023-12-06T15:08:11.000Z,CoinDesk,,,,Sentiment: neutral
"10 years ago today, the first #Dogecoin block was mined.",45,418,75,2023-12-06T14:10:00.000Z,AltcoinDailyio,,,,Sentiment: neutral
"#Crypto traders pour money into $DOGE perpetual futures on meme coin's 10th anniversary as $BTC rally spurs risk-taking across all corners of the digital assets market. reports 
@godbole17
.",37,113,33,2023-12-06T10:45:32.000Z,CoinDesk,,,,Sentiment: neutral
"He managed to transform the remaining $4 million of the grant into $27 million by investing in Dogecoin, as reported by the New York Times.",264,2.4K,97,2023-12-05T06:10:31.000Z,unusual_whales,,,,Sentiment: positive
"Don't X users understand this yet!?!?! 

Elon Musk wants to make X the ultimate payments & everything app. We know this. 

THAT  MEANS  CRYPTO  INTEGRATIONS

Bitcoin, Ethereum, & especially #Dogecoin are all prime contenders to be integrated into X in a very BIG &??,200,971,165,2023-12-05T02:57:35.000Z,AltcoinDailyio
1 year ago today #Dogecoin was 10?.,38,411,112,2023-12-03T13:44:00.000Z,AltcoinDailyio
The planned $DOGE funded DOGE-1 satellite neared reality as launch provider ",,,,,,,,,Sentiment: neutral
@SpaceX,,,,,,,,,Sentiment: negative
" mission received key regulatory approvals.""",78,243,34,2023-12-03T10:42:42.000Z,CoinDesk,,,,Sentiment: positive
"You receive $10,000, and you can only buy one of the following #Crypto. What do you choose? 

- $BTC 
- $ETH
- $SOL
- $XRP
- $ADA
- $VET
- $USDT
- ",370,1.1K,1.2K,2023-12-03T08:14:59.000Z,rovercrc,,,,Sentiment: positive
"Which of these will happen first? 

#Bitcoin : $70,000 
#Ethereum: $8,000 
#BNB : $1,000
#Solana: $500 
#Chainlink: $80
#Polkadot: $80
#MEE: $10
#Matic: $5",669,2K,1K,2023-12-02T07:28:03.000Z,rovercrc,,,,Sentiment: neutral
"The planned $DOGE funded DOGE-1 satellite neared reality as launch provider 
@SpaceX
 mission received key regulatory approvals.",126,336,41,2023-11-30T01:20:20.000Z,CoinDesk,,,,Sentiment: positive
"The planned $DOGE funded DOGE-1 satellite neared reality as launch provider 
@SpaceX
 mission received key regulatory approvals. By 
@shauryamalwa",97,279,38,2023-11-29T11:54:02.000Z,CoinDesk,,,,Sentiment: neutral
"The number of crypto addresses holding $DOGE has surpassed the 5 million mark for the first time on record, on-chain data show.",45,131,27,2023-11-29T03:24:04.000Z,CoinDesk,,,,Sentiment: positive
"The number of crypto addresses holding $DOGE has surpassed the 5 million mark for the first time on record, on-chain data show. reports 
@godbole17
.",29,94,45,2023-11-28T08:27:52.000Z,CoinDesk,,,,Sentiment: neutral
"Top 10 Crypto Founder GOES OFF on US Regulators
(MEGA BLOW UP)   

$ADA $BTC $ETH $SOL $LINK $DOGE

Watch HERE 
>> https://youtu.be/uXGWjK8Muow",111,646,156,2023-11-28T04:14:48.000Z,AltcoinDailyio,,,,Sentiment: neutral
Elon Musk gives serious interview on Bitcoin & Dogecoin. Elon Musk is a crypto believer.   ,567,2.9K,256,2023-11-26T18:51:00.000Z,AltcoinDailyio,,,,Sentiment: neutral
"BTC traded just over $37,500 in European morning hours Tuesday, adding 0.6%. Ether ($ETH) lost 0.5%, while dogecoin ($DOGE) and solana ($SOL) slumped as much as 5% as traders likely took profits. By 
@shauryamalwa",10,88,22,2023-11-21T10:13:50.000Z,CoinDesk,,,,Sentiment: positive
"Does 
@elonmusk
 still own bitcoin & ethereum (and Dogecoin)? It would be nice to get an update!",87,665,154,2023-11-20T00:16:13.000Z,AltcoinDailyio,,,,Sentiment: neutral
"Trading interest in $DOGE bets rose over 40% to reach the most since April.   

An increase in leveraged bets came after a 12% surge on Thursday as one company said it planned to send a physical token to the moon.  

Watch more, presented by 
@cryptocom
: https://coindesk.com/video/key-metric-of-dogecoin-futures-jumps-in-past-24-hours/?term=organic&utm_campaign=CoinDesk&utm_content=coindesk+tv%2CFirst+Mover%2Ctheme+week%2Ceditorial%2Ctaxbit&utm_medium=social&utm_source=twitter??,8,38,14,2023-11-17T19:32:26.000Z,CoinDesk
$DOGE ",,,,,,,,,Sentiment: negative
,,,,,,,,,Sentiment: neutral
"Breaks out and continues up.""",98,561,125,2023-11-17T12:56:00.000Z,rovercrc,,,,Sentiment: negative
"A key metric of dogecoin futures jumped in the past 24 hours to indicate higher risk-taking behaviors among traders, one that has historically marked local price tops in crypto markets. By 
@shauryamalwa",14,68,34,2023-11-17T10:39:01.000Z,CoinDesk,,,,Sentiment: neutral
"A physical dogecoin (DOGE) token could reach Earth?? Moon in a space payload mission planned by Pittsburg-based firm Astrobotic. By 
@shauryamalwa",10,49,52,2023-11-16T13:00:52.000Z,CoinDesk,,,,Sentiment: positive
"The latest crypto market spurt added 4.6% in the past 24 hours to take overall capitalization to levels not seen since May 2022. Cardano?? $ADA and dogecoin $DOGE led gains among the 10 biggest tokens, surging as much as 12%. By 
@shauryamalwa",20,53,27,2023-11-16T11:51:27.000Z,CoinDesk,,,,Sentiment: neutral
"In 2013 you missed $BTC
In 2014 you missed $DOGE
In 2015 you missed $XRP
In 2016 you missed $ETH
In 2017 you missed $ADA
In 2018 you missed $BNB
In 2019 you missed $LINK
In 2020 you missed $DOT
In 2021 you missed $SHIB
In 2022 you missed $USDT
In 2023 you missed ",164,858,1.1K,2023-11-15T06:24:58.000Z,rovercrc,,,,Sentiment: neutral
$DOGE IS BREAKING OUT! ,129,620,116,2023-11-12T18:45:00.000Z,rovercrc,,,,Sentiment: neutral
"$DOGE

Starting to bounce from this important level.

Won't be surprised to see DOGE take off any time soon.",86,381,150,2023-11-11T12:32:00.000Z,rovercrc,,,,Sentiment: positive
Genuinely curious if $DOGE is the future or just hype?,76,836,505,2023-11-11T10:27:00.000Z,AltcoinDailyio,,,,Sentiment: positive
"$ETH soared 10%, hitting a 7-month high as 
@BlackRock
 laid the groundwork for an ether ETF, while $BTC remained steady above $36,000.

Altcoins plunged as this halted a rotation into smaller tokens. $XRP and $DOGE lost almost 5%.
@sndr_krisztian
 reports",42,161,28,2023-11-09T23:01:58.000Z,CoinDesk,,,,Sentiment: positive
"Futures open interest in $SHIB and $DOGE has surged 23% and 14.6% since Nov. 1, signaling increased investor risk appetite in the crypto market. reports 
@godbole17
.",33,88,20,2023-11-08T01:11:20.000Z,CoinDesk,,,,Sentiment: positive
"Futures open interest in $SHIB and $DOGE has surged 23% and 14.6% since Nov. 1, signaling increased investor risk appetite in the crypto market. reports 
@godbole17
.",26,89,32,2023-11-07T10:57:22.000Z,CoinDesk,,,,Sentiment: neutral
"#Bitcoin halted at $35,000 as large-cap altcoins $XRP, $ADA, $DOGE, $LINK and $AVAX rose 5%-10% during the day. Investment advisory firm 
@ByteTree
 hinted at the early innings of a potential #altseason. 
@sndr_krisztian
 reports",46,143,37,2023-11-06T21:41:09.000Z,CoinDesk,,,,Sentiment: neutral
"#Crypto Market Cap Dominance (One Year Ago):

Bitcoin = 39%
Ethereum = 19%
BNB = 5%
XRP = 2%
Dogecoin = 1.5%
Cardano = 1.4%
Solana = 1%",63,357,104,2023-11-01T15:59:00.000Z,AltcoinDailyio,,,,Sentiment: positive
How would you explain $DOGE to your friends and family?,77,446,446,2023-10-30T20:46:00.000Z,rovercrc,,,,Sentiment: positive
"$DOGE

Currently at support important support now.

Wouldn't be surpised to see a bounce!",59,359,128,2023-10-30T16:11:00.000Z,rovercrc,,,,Sentiment: neutral
"#bitcoin cooled off, sliding 2% to $34K on Thursday. $DOGE and $PEPE gained 5%-6% during the day as meme coins stole the spotlight. Still, $BTC is in its fifth bull market, now driven by institutions, one observer said. 
@sndr_krisztian
 writes",8,62,18,2023-10-26T20:43:17.000Z,CoinDesk,,,,Sentiment: positive
"Popular meme tokens $DOGE and $SHIB jumped 9% in the past 24 hours in a move that suggested crypto traders were taking riskier bets following a week of $BTC outperformance. By 
@shauryamalwa
.",30,107,44,2023-10-26T06:43:54.000Z,CoinDesk,,,,Sentiment: neutral
"In 2013 you missed $BTC
In 2014 you missed $DOGE
In 2015 you missed $XRP
In 2016 you missed $ETH
In 2017 you missed $ADA
In 2018 you missed $BNB
In 2019 you missed $LINK
In 2020 you missed $DOT
In 2021 you missed $SHIB
In 2022 you missed $USDT
In 2023 you missed ",174,928,944,2023-10-16T12:59:46.000Z,rovercrc,,,,Sentiment: positive
"I think in the next bull market, $PEPE will overtake $DOGE!",154,867,468,2023-10-10T17:18:00.000Z,rovercrc,,,,Sentiment: positive
Dogecoin is crypto ,150,926,176,2023-10-08T15:49:00.000Z,AltcoinDailyio,,,,Sentiment: positive
"An engaged NFT community that holds the original ""doge"" meme plans to install an actual statue that pays homage to Kabosu, the dog that inspired the meme, on Nov. 2 in Sakura, Japan.
https://trib.al/AWtUgjb",39,115,34,2023-10-07T19:38:38.000Z,CoinDesk,,,,Sentiment: neutral
Elon Musk to Dogecoin haters. ,36,245,86,2023-10-05T20:53:11.000Z,AltcoinDailyio,,,,Sentiment: positive
Elon Musk loves Dogecoin.   ,244,994,244,2023-10-05T13:48:00.000Z,AltcoinDailyio,,,,Sentiment: neutral
"Floki, Shib, or Doge? (if you HAD to pick)",126,968,1K,2023-10-01T01:50:26.000Z,AltcoinDailyio,,,,Sentiment: positive
"In 2013 you missed $BTC
In 2014 you missed $DOGE
In 2015 you missed $XRP
In 2016 you missed $ETH
In 2017 you missed $ADA
In 2018 you missed $BNB
In 2019 you missed $LINK
In 2020 you missed $DOT
In 2021 you missed $SHIB
In 2022 you missed $USDT
In 2023 you missed ",205,1.4K,1.5K,2023-09-29T15:46:06.000Z,rovercrc,,,,Sentiment: neutral
"Definitely undervalued:
#Bitcoin

Possibly undervalued:
Ethereum
Ripple
Doge

Definitely overvalued:
Solana",53,338,162,2023-09-27T18:33:00.000Z,rovercrc,,,,Sentiment: negative
"$DOGE now looks more stable than $BTC, although the relative stability probably reflects a lack of investor interest in trading altcoins. reports 
@godbole17
.",25,76,33,2023-09-22T11:41:04.000Z,CoinDesk,,,,Sentiment: positive
"Major altcoins sold off on Thursday as traders likely locked in gains from earlier this week. In the past 24 hours, $BNB and $XRP slid as much as 2%, $ETH shed 1%, while $DOGE was little changed. By 
@shauryamalwa
.",18,48,33,2023-09-21T10:23:57.000Z,CoinDesk,,,,Sentiment: negative
Elon Musk likes Dogecoin even in a bear market. That's the point.,84,706,119,2023-09-20T07:31:26.000Z,AltcoinDailyio,,,,Sentiment: positive
Elon Musk says he will continue promoting #Dogecoin.,279,1.9K,251,2023-09-18T04:29:38.000Z,AltcoinDailyio,,,,Sentiment: neutral
"Top 10 Crypto assets by market cap:

1. Bitcoin: $516 billion
2. Ethereum: $196 b
3. Tether: $83 b
4. Binance Coin: $33 b
5. XRP: $26 b
6. USD Coin: $26 b
7. Cardano: $8.8 b
8. Dogecoin: $8.79 b
9. Solana: $7.88 b
10. TRON: $7.47 b",239,1.1K,251,2023-09-17T02:14:49.000Z,AltcoinDailyio,,,,Sentiment: positive
"FTX is expected to receive approval to liquidate the following assets on September 13th.

$SOL $685,000,000
$FTT $529,000,000
$BTC $268,000,000
$ETH $90,000,000
$APT $67,000,000
$DOGE $42,000,000
$MATIC $39,000,000",1.4K,3.7K,679,2023-09-09T18:23:39.000Z,rovercrc,,,,Sentiment: positive
Doge season is coming  ,342,1.6K,223,2023-09-09T07:32:17.000Z,AltcoinDailyio,,,,Sentiment: positive
"Elon Musk could pump #Dogecoin to $1 easily if he wanted to. He already hit 50? in 2021.

And why wouldn't he want to?

He truly likes the coin. ",232,1.7K,423,2023-09-06T17:34:04.000Z,AltcoinDailyio,,,,Sentiment: positive
"BlackRock & #Bitcoin

Fidelity & #Ethereum

Elon Musk (X) & #Dogecoin

Reddit & #Polygon

PayPal & #Stablecoins

SEC & ",220,946,225,2023-09-06T01:41:29.000Z,AltcoinDailyio,,,,Sentiment: positive
"?? just received approval for another money transfer license for its forthcoming payment services.

Another step closer to X Payments and a full scale creator economy.

Will $DOGE be part of the economy?",36,285,85,2023-09-05T19:29:44.000Z,rovercrc,,,,Sentiment: negative
"Top 8 LOW-CAP Crypto Coins?   

$MINA $THETA $HELLO $NRG
$DOGE $PRISMA $TOMI $RLB

Click HERE 
>> https://youtu.be/z9e28kir60w",37,208,70,2023-09-05T01:03:25.000Z,AltcoinDailyio,,,,Sentiment: neutral
$DOGE BREAKING OUT!,79,513,128,2023-09-04T17:22:30.000Z,rovercrc,,,,Sentiment: negative
I think $DOGE is about to explode here...,69,508,125,2023-08-30T19:21:00.000Z,rovercrc,,,,Sentiment: neutral
Robinhood?? Crypto Wallet Adds #Bitcoin and #Dogecoin,225,1.4K,149,2023-08-30T18:21:32.000Z,AltcoinDailyio,,,,Sentiment: neutral
"Robinhood's crypto wallet added support for $BTC and $DOGE. Certain users can now swap Ethereum assets, too.
@realDannyNelson
 reports",20,58,12,2023-08-30T16:40:41.000Z,CoinDesk,,,,Sentiment: positive
"With (X) acquiring a license to add crypto payments, I believe we're on the brink of a significant surge in $DOGE.

I'm currently loading up.",71,413,126,2023-08-30T09:14:00.000Z,rovercrc,,,,Sentiment: neutral
"Twitter (X) Acquires Required License to Add Crypto Payments

X may possibly introduce a cryptocurrency sending and receiving feature to its millions of users worldwide.

Bullish for $DOGE!",128,610,82,2023-08-29T15:39:54.000Z,rovercrc,,,,Sentiment: positive
"Per 
@VeloData
, European hours have been a major source of bearish pressures for DOGE while Asia-Pacific hours have been the opposite. 
@godbole17
 reports",6,23,14,2023-08-29T12:30:42.000Z,CoinDesk,,,,Sentiment: positive
JUST IN: Elon Musk says X (Twitter) is a $DOGE friendly place.,1.1K,6.4K,759,2023-08-23T11:33:29.000Z,WatcherGuru,,,,Sentiment: negative
"There is a non-zero chance that Elon Musk integrates $DOGE natively into 
@X
. 

If/when that happens the #Dogecoin price will EXPLODE!

$1 $DOGE is programmed. $5 even possible.",53,237,94,2023-08-23T00:55:57.000Z,AltcoinDailyio,,,,Sentiment: positive
"Cheems, the ??oge??meme dog, has passed away",13K,127K,2.4K,2023-08-19T16:39:00.000Z,Dexerto,,,,Sentiment: neutral
$DOGE will most likely become the currency of X,109,711,238,2023-08-17T09:59:00.000Z,rovercrc,,,,Sentiment: negative
"Fundstrat?? Tom Lee sees #bitcoin surpassing $150,000 if a spot BTC ETF is approved. For now, though, BTC remains mired at about the $29K level as altcoins crumble, with $SOL, $DOGE and $MATIC losing 5-7% on the day. 
@sndr_krisztian
 reports",14,46,32,2023-08-16T15:52:16.000Z,CoinDesk,,,,Sentiment: positive
"Would you rather have $1,000,000 in $PEPE or $DOGE?",54,454,492,2023-08-14T19:58:00.000Z,rovercrc,,,,Sentiment: neutral
$DOGE will become the currency of X.,109,758,212,2023-08-14T18:38:00.000Z,rovercrc,,,,Sentiment: positive
"Elon, I want to buy a Tesla only if I can pay it with $DOGE.

Can you make this possible?",160,1K,307,2023-08-13T19:57:00.000Z,rovercrc,,,,Sentiment: negative
$DOGE will become the currency of X.,163,1K,292,2023-08-13T18:36:00.000Z,rovercrc,,,,Sentiment: positive
#Dogecoin payments are coming to X.,246,1.2K,470,2023-08-12T17:07:00.000Z,rovercrc,,,,Sentiment: positive
"In 2013 you missed $BTC
In 2014 you missed $DOGE
In 2015 you missed $XRP
In 2016 you missed $ETH
In 2017 you missed $ADA
In 2018 you missed $BNB
In 2019 you missed $LINK
In 2020 you missed $DOT
In 2021 you missed $SHIB
In 2022 you missed $USDT
In 2023 you missed ",231,1.3K,1.6K,2023-08-12T10:30:04.000Z,rovercrc,,,,Sentiment: positive
"Are you bullish on $DOGE?

NO                                 YES
                                 ",37,617,204,2023-08-11T18:43:00.000Z,rovercrc,,,,Sentiment: positive
"Elon Musk is a public supporter of Dogecoin, Bitcoin, & Ethereum.",116,668,156,2023-08-10T15:37:00.000Z,AltcoinDailyio,,,,Sentiment: neutral
"BlackRock Insider Says Bitcoin EFT 6 Months Away!

Joe Rogan & Post Malone SHOCKED!

$XRP $CELO $DOGE $BTC
$ETH $FTM $MATIC
Crypto News

Click HERE 
>> https://youtu.be/SNeX4J0XSZo",32,152,71,2023-08-09T23:50:03.000Z,AltcoinDailyio,,,,Sentiment: negative
Do you support Elon Musk? $DOGE #TESLA,65,688,193,2023-08-09T10:59:00.000Z,AltcoinDailyio,,,,Sentiment: positive
"$DOGE

With a retest of its 10-year support, I anticipate increased strength, primarily driven by the potential integration in X.

The green box indicates the recommended buy range.",42,163,58,2023-08-08T15:21:00.000Z,rovercrc,,,,Sentiment: positive
Buy $DOGE before X is buying it.,100,832,193,2023-08-07T15:54:00.000Z,rovercrc,,,,Sentiment: neutral
Elon Musk is the DOGE FATHER  #Dogecoin,128,596,222,2023-08-07T06:08:32.000Z,AltcoinDailyio,,,,Sentiment: neutral
"Good news everyone! 

The #Futurama gang heads to 'Doge City' next week in their season premiere #crypto-focused episode.

This is the first episode after a 10 year hiatus.",104,460,103,2023-08-04T23:38:30.000Z,AltcoinDailyio,,,,Sentiment: positive
"V2 will exist alongside the current GMX platform. It adds alternative currencies such as $DOGE at lower fees than version 1 in an effort to attract trading activity that will, in turn, drive revenue growth for 
@GMX_IO
. By 
@shauryamalwa",18,85,48,2023-08-04T12:04:16.000Z,CoinDesk,,,,Sentiment: positive
Buy #Bitcoin & #Doge before X is buying it.,110,567,363,2023-08-03T15:47:00.000Z,rovercrc,,,,Sentiment: neutral
"Surging interest rates are putting pressure on risk assets, including cryptocurrencies. The U.S. 10-year yield is at a 2023 high and the 10-year JGB yield has risen to a nine-year high. $BTC $SOL $XRP $ADA $DOGE",16,49,36,2023-08-03T13:29:56.000Z,CoinDesk,,,,Sentiment: neutral
"Did you pay attention to the Litecoin halving? Here's why Dogecoin traders should care (along with 
@elonmusk
) $LTC $DOGE #litecoinhalving 
@FrederickMunawa
 reports",10,42,28,2023-08-02T15:50:01.000Z,CoinDesk,,,,Sentiment: positive
#Dogecoin has just surpassed 4.7 million holders. ,88,653,138,2023-07-31T12:19:48.000Z,rovercrc,,,,Sentiment: positive
$DOGE is about to confirm the weekly breakout! ,233,1.2K,290,2023-07-30T19:18:00.000Z,rovercrc,,,,Sentiment: negative
"Does #Dogecoin have an infinite supply? 

 Yes. 10k new $DOGE are mined into existence every minute.

 Over 14.4 million new $DOGE enter the market every day.

Elon Musk likes this saying: ""#Bitcoin is more suitable as a store of value. #Dogecoin is better suited for??,205,1.1K,274,2023-07-29T22:42:14.000Z,AltcoinDailyio
Coco", a new crypto casino inspired by Milady NFTs, pepe and dogecoin, made a crackling debut with its native token $COCO hitting a market cap of $8.8 million. Reporting by ,,,,,,Sentiment: neutral
@oknightcrypto,,,,,,,,,Sentiment: positive
".""",165,293,89,2023-07-28T11:26:39.000Z,CoinDesk,,,,Sentiment: positive
Do you hold $DOGE?,233,1.4K,466,2023-07-28T08:32:00.000Z,rovercrc,,,,Sentiment: positive
"Bitcoin turned downward briefly early Friday morning in Asia before regaining ground to trade over $29.2K. ETH was down slightly over the past 4 hours. DOGE was down, but XLM rose modestly. 
@JPRubin23
 writes",15,39,29,2023-07-27T22:18:20.000Z,CoinDesk,,,,Sentiment: neutral
Dogecoin to $1 ,351,2.2K,450,2023-07-27T15:28:00.000Z,AltcoinDailyio,,,,Sentiment: positive
"Best 7 #Crypto Coins to Invest & Trade in August!!?

NOT Ethereum or Bitcoin!!

$ADA $TOMI $SOL
$DOGE $HEX $RUNE

Click HERE 
https://youtu.be/_fXR8elnwnU",145,507,290,2023-07-27T01:26:21.000Z,AltcoinDailyio,,,,Sentiment: positive
"Dogecoin registered its largest single-day gain since April, while bitcoin remained near a one-month low just above $29,000 as investors await news from the Fed later today. $DOGE $BTC 
@LedesmaLyllah
 and 
@godbole17
 report in First Mover Americas.
https://trib.al/Rpo3xfU",35,75,36,2023-07-26T12:36:03.000Z,CoinDesk,,,,Sentiment: positive
"X will create their own shitcoin and/or will adopt doge as a native currency within their ecosystem. 

Tweeting it now so I can RT when it happens.",15,337,68,2023-07-26T11:10:52.000Z,BTCGandalf,,,,Sentiment: positive
$DOGE is about to have a massive breakout! ,425,1.6K,289,2023-07-26T10:28:00.000Z,rovercrc,,,,Sentiment: neutral
"$DOGE logs biggest single-day in over 4 months as the dollar value locked in active perpetual futures contracts tops $500 million. By 
@godbole17
.",27,91,33,2023-07-26T05:56:34.000Z,CoinDesk,,,,Sentiment: negative
$DOGE,37,360,132,2023-07-26T02:55:54.000Z,AltcoinDailyio,,,,Sentiment: neutral
"Bitcoin slinks along near $29.2K, other major cryptos are mixed, although popular memecoin DOGE climbed after dogecoin fan Elon Musk's rebranding of Twitter. Investors now await a likely 
@federalreserve
 25 bps interest rate hike. 
@JPRubin23
 writes",31,69,60,2023-07-25T23:40:35.000Z,CoinDesk,,,,Sentiment: neutral
"Are you bullish on $DOGE? 

NO                                 YES
                                 ",92,1.7K,901,2023-07-25T18:43:00.000Z,rovercrc,,,,Sentiment: neutral
What does your portfolio look like? #Ethereum #Bitcoin #Dogecoin,60,440,119,2023-07-25T18:29:00.000Z,AltcoinDailyio,,,,Sentiment: negative
"#Dogecoin is PUMPING based on X payments speculation.

Should Elon incorporate $DOGE into X?

#bitcoin #crypto #ai",561,3.4K,707,2023-07-25T17:30:23.000Z,AltcoinDailyio,,,,Sentiment: neutral
".
@elonmusk
?? decision to change 
@twitter
's name to X and make it an ??verything app??has a shot at broadening use of $DOGE, bitcoin and other cryptocurrencies.
@HeleneBraunn
 reports",79,217,33,2023-07-25T16:32:22.000Z,CoinDesk,,,,Sentiment: positive
"LIVE: $DOGE spikes amid 
@Twitter
?? rebrand excitement, the UK's data watchdog is set to examine 
@worldcoin
 and more.

""The Hash"" co-hosts chat about today's top headlines on CoinDesk TV:",14,29,19,2023-07-25T16:00:26.000Z,CoinDesk,,,,Sentiment: positive
$DOGE BREAKING BULLISH! ,179,1.1K,143,2023-07-25T13:02:00.000Z,rovercrc,,,,Sentiment: positive
"$DOGE is still on the rise as crypto traders buy in hopes of it playing a larger role on Twitter's rebranded X ??verything app??

Futures traders lost nearly $10 million betting on and against DOGE's price movements, according to 
@coinglass_com
. https://coindesk.com/markets/2023/07/25/dogecoin-bumps-10-on-x-payments-speculation-doge-futures-traders-lose-10m/?term=organic&utm_campaign=CoinDesk&utm_content=headline%2CIG+XPost%2Ceditorial&utm_medium=social&utm_source=twitter??,24,77,26,2023-07-25T15:00:16.000Z,CoinDesk
$DOGE rose for the second consecutive day as speculations of the tokens playing a bigger role on the newly-rebranded Twitter platform rose among crypto traders", fueling a price rally. By ,,,,,,,,Sentiment: positive
@shauryamalwa,,,,,,,,,Sentiment: negative
".""",66,166,53,2023-07-25T08:05:33.000Z,CoinDesk,,,,Sentiment: positive
"$DOGE is my 4rd biggest holding...

Stupid or smart?",164,1.2K,284,2023-07-24T19:17:00.000Z,rovercrc,,,,Sentiment: neutral
A HUGE $DOGE BREAKOUT IS IMMINENT!! ,250,1.3K,283,2023-07-24T16:41:00.000Z,rovercrc,,,,Sentiment: neutral
" Following 
@Twitter
's rebranding to X, $DOGE prices jumped 5%.
@elonmusk
's addition of dogecoin?? ticker logo to his bio on the newly named X platform hints at an intriguing future for the memecoin.
https://coindesk.com/markets/2023/07/24/dogecoin-rises-after-twitter-rebranding-bitcoin-slides-to-29k/?term=organic&utm_campaign=CoinDesk&utm_content=IG+XPost%2Cembeddable+charts%2Ceditorial&utm_medium=social&utm_source=twitter??,47,129,58,2023-07-24T16:31:18.000Z,CoinDesk
$DOGE jumped as much as 5% on the back of the Twitter's rebranding", despite the downturn in the broader market with $BTC slipping to $29K. By ,,,,,,,,Sentiment: negative
@shauryamalwa,,,,,,,,,Sentiment: neutral
.,,,,,,,,,Sentiment: neutral
,,,,,,,,,Sentiment: positive
"https://trib.al/mlcQDOa""",76,255,42,2023-07-24T10:38:43.000Z,CoinDesk,,,,Sentiment: neutral
X is about to give $DOGE massive utility??,214,1.3K,183,2023-07-24T08:14:15.000Z,rovercrc,,,,Sentiment: positive
BREAKING: X announces that it will implement buying & selling of $DOGE & other #Crypto!,587,3K,378,2023-07-24T08:11:34.000Z,rovercrc,,,,Sentiment: neutral
BREAKING: Elon Musk added the $DOGE logo on his X profile location!,266,1.2K,180,2023-07-24T08:07:44.000Z,rovercrc,,,,Sentiment: positive
"Elon talking about crypto I think!!!

$BTC $ETH $DOGE",80,518,105,2023-07-24T04:21:53.000Z,AltcoinDailyio,,,,Sentiment: negative
Bankers hate this one simple trick! $BTC $ETH $DOGE,551,1.5K,199,2023-07-23T17:31:57.000Z,AltcoinDailyio,,,,Sentiment: negative
"Do you think $DOGE will hit $1,00 before 2025?

NO                                 YES 
                                  ",39,585,248,2023-07-22T18:21:00.000Z,rovercrc,,,,Sentiment: positive
HUGE $DOGE BREAKOUT IMMINENT! ,251,1.2K,203,2023-07-21T18:22:00.000Z,rovercrc,,,,Sentiment: positive
".
@elonmusk
 tweets, $DOGE jumps. 

Then, it just as quickly pared some of its gains. Here's what you want to know  https://coindesk.com/markets/2023/07/19/dogecoin-pops-4-on-elon-musk-tweet/?term=organic&utm_campaign=CoinDesk&utm_content=Charts%2CIG+XPost%2Cembeddable+charts%2Ctweet%2Ceditorial&utm_medium=social&utm_source=twitter??,14,55,20,2023-07-19T17:24:22.000Z,CoinDesk
CORRECT: $DOGE spiked 4% higher to $0.072 after a tweet mention from Elon Musk.",,,,,,,,,Sentiment: positive
,,,,,,,,,Sentiment: neutral
"https://trib.al/bDmznzc""",10,66,37,2023-07-19T16:55:43.000Z,CoinDesk,,,,Sentiment: neutral
"Which 3 do you choose? 

 #Bitcoin
 #Ethereum
 #Cardano
 #MultiversX
 #Chainlink 
 #Solana
 #Matic
 #Dogecoin ",174,643,1K,2023-07-17T19:18:16.000Z,AltcoinDailyio,,,,Sentiment: positive
"If Elon Musk sees this tweet, I will put all my money in #Dogecoin.",89,695,244,2023-07-11T08:51:14.000Z,rovercrc,,,,Sentiment: neutral
"You receive $10,000, and you can only buy one of the following #Crypto. What do you choose? 

- $BTC 
- $ETH
- $SOL
- $XRP
- $ADA
- $VET
- $USDT
- ",119,588,829,2023-07-10T19:57:00.000Z,rovercrc,,,,Sentiment: positive
Elon Musk likes #Dogecoin. ,150,729,155,2023-07-09T15:21:00.000Z,AltcoinDailyio,,,,Sentiment: positive
I rather would rather buy $PEPE here than $DOGE...,97,593,290,2023-07-07T19:56:00.000Z,rovercrc,,,,Sentiment: neutral
#Dogecoin is fun.   ,18,124,79,2023-07-06T15:02:00.000Z,AltcoinDailyio,,,,Sentiment: positive
"You receive $10,000, and you can only buy one of the following #Crypto. What do you choose?  

- $BTC   
- $ETH
- $SOL
- $XRP  
- $ADA  
- $VET
- $MEE
- ",120,589,986,2023-07-02T18:35:00.000Z,rovercrc,,,,Sentiment: positive
" 

$PEPE has seen a huge gain this week amid a broader crypto rally, outperforming other #memecoins like $SHIB, $FLOKI and $DOGE.

The token surged as much as 40% in the past 24 hours to extend weekly gains to over 70%. https://coindesk.com/markets/2023/06/22/pepecoin-becomes-biggest-meme-coin-gainer-with-70-weekly-jump/?term=organic&utm_campaign=CoinDesk&utm_content=headline%2CIG+XPost%2Ceditorial&utm_medium=social&utm_source=twitter??,76,191,51,2023-06-22T16:54:27.000Z,CoinDesk
PEPE gains were significantly higher than meme tokens shiba inu (SHIB)", floki (FLOKI) and dogecoin (DOGE) ??even as developers of some of these tokens introduced ecosystem upgrades ??suggesting high buying interest for pepecoin. By ,,,,,,,,Sentiment: neutral
"@shauryamalwa""",36,125,26,2023-06-22T16:26:20.000Z,CoinDesk,,,,Sentiment: neutral
DOGECOIN,68,448,193,2023-06-20T09:19:30.000Z,AltcoinDailyio,,,,Sentiment: positive
Shiba Inu or Dogecoin: Which Cryptocurrency Will Outperform This Year?,75,475,157,2023-06-19T21:44:25.000Z,CryptoTrends,,,,Sentiment: neutral
If Dogecoin launched today Elon Musk would ban the twitter account.,41,254,164,2023-06-18T22:38:29.000Z,AltcoinDailyio,,,,Sentiment: neutral
Elon Musk Denies Owning #Dogecoin Wallets Amid Lawsuit,62,334,73,2023-06-16T22:34:16.000Z,CryptoTrends,,,,Sentiment: positive
"You receive $10,000, and you can only buy one of the following #Crypto. What do you choose?  

- $BTC   
- $ETH
- $SOL
- $XRP  
- $ADA  
- $VET
- $SHIB
- ",151,650,1.1K,2023-06-11T19:58:00.000Z,rovercrc,,,,Sentiment: neutral
"I think in the next bull market, $PEPE will overtake $DOGE!",68,430,332,2023-06-09T19:56:00.000Z,rovercrc,,,,Sentiment: neutral
"$BTC and $DOGE rose 5% in the past 24 hours to lead gains among majors, as the crypto market reversed some SEC-induced losses and gained over 3% in market cap. By 
@shauryamalwa
.",28,92,45,2023-06-07T08:49:37.000Z,CoinDesk,,,,Sentiment: positive
Elon Musk is accused of insider trading by investors in Dogecoin lawsuit.,18,172,130,2023-06-02T19:08:24.000Z,AltcoinDailyio,,,,Sentiment: neutral
" news:

- Russia accuses of US hacking $AAPL
- $META return to office 3 days a week
- Senate blocks Biden's student-debt forgiveness
- $DELL leaked earnings
- Elon Musk x Dogecoin lawsuit
- OPEC unlikely to deepen supply cuts, per Reuters
- Futures: http://unusualwhales.com/futures",50,263,22,2023-06-02T06:36:15.000Z,unusual_whales,,,,Sentiment: neutral
JUST IN: #Dogecoin investors file class action lawsuit against Elon Musk alleging insider trading.,13,73,24,2023-06-01T20:10:41.000Z,CryptoTrends,,,,Sentiment: neutral
"JUST IN: Elon Musk sued over #Dogecoin Twitter logo, alleging insider trading.",917,4.5K,950,2023-06-01T19:59:39.000Z,WatcherGuru,,,,Sentiment: neutral
Dogecoin investors are accusing Elon Musk of insider trading in a new lawsuit,17,374,11,2023-06-01T18:50:31.000Z,Dexerto,,,,Sentiment: positive
"Elon Musk is being accused of insider trading in a proposed class action by investors who say he manipulated the cryptocurrency Dogecoin, costing them billions of dollars.",328,2.3K,319,2023-06-01T17:07:49.000Z,unusual_whales,,,,Sentiment: negative
Next Bull Run I think $PEPE will overtake $DOGE,70,450,423,2023-06-01T10:23:00.000Z,rovercrc,,,,Sentiment: positive
I rather would rather buy $PEPE here than $DOGE...,52,323,513,2023-05-30T08:41:00.000Z,rovercrc,,,,Sentiment: neutral
"Dogecoin $DOGE is about to EXPLODE!?

+ 5 Coins I Like

Click HERE 
>> https://youtu.be/wP8Kafbu2VQ",21,150,125,2023-05-29T22:52:17.000Z,AltcoinDailyio,,,,Sentiment: positive
"The quirky yet generous world of $DOGE is taking a leap into the realm of documentaries.

Spearheaded by the DAO ""Own the Doge,"" the project aims to share the multifaceted story of 
@Dogecoin
 and its impact.",28,96,42,2023-05-29T13:26:26.000Z,CoinDesk,,,,Sentiment: positive
"$DOGE may be building for a big move as price volatility gauge hits four-year low, according to a chart indicator. Reports 
@godbole17
.

https://trib.al/MTqZdnH",76,223,63,2023-05-29T12:21:05.000Z,CoinDesk,,,,Sentiment: positive
I still think $PEPE will overtake $DOGE next bull run!,92,474,348,2023-05-28T16:38:00.000Z,rovercrc,,,,Sentiment: positive
I rather would buy $PEPE here than $DOGE...,64,349,428,2023-05-27T14:46:00.000Z,rovercrc,,,,Sentiment: neutral
"JUST IN: #Dogecoin surpasses 4,900,000 total wallet addresses.",5,66,15,2023-05-27T08:28:39.000Z,CryptoTrends,,,,Sentiment: neutral
"LIVE: 
@elonmusk
 warns investors not to ""bet the farm on 
@dogecoin
,"" new research shows crypto's fentanyl trade is worth millions and more.

""The Hash"" co-hosts chat about today's top headlines on http://CoinDesk.TV: https://twitter.com/i/broadcasts/1lPKqBZbLvMGb??,19,48,25,2023-05-24T16:00:39.000Z,CoinDesk
In 2013 you missed $BTC",,,,,,,,,Sentiment: positive
In 2014 you missed $DOGE,,,,,,,,,Sentiment: neutral
In 2015 you missed $XRP,,,,,,,,,Sentiment: neutral
In 2016 you missed $ETH,,,,,,,,,Sentiment: positive
In 2017 you missed $ADA,,,,,,,,,Sentiment: neutral
In 2018 you missed $BNB,,,,,,,,,Sentiment: positive
In 2019 you missed $LINK,,,,,,,,,Sentiment: negative
In 2020 you missed $DOT,,,,,,,,,Sentiment: neutral
In 2021 you missed $SHIB,,,,,,,,,Sentiment: neutral
In 2022 you missed $USDT ,,,,,,,,,Sentiment: neutral
In 2023," don?? miss _____.""",177,545,1.2K,2023-05-24T09:22:00.000Z,rovercrc,,,Sentiment: neutral
I think $PEPE will likely overtake $DOGE in the next bull run!,107,501,264,2023-05-23T16:41:00.000Z,rovercrc,,,,Sentiment: positive
I'm buying more $DOGE.,65,531,227,2023-05-23T14:42:00.000Z,rovercrc,,,,Sentiment: positive
"You receive $10,000, and you can only buy one of the following #Crypto. What do you choose?    

- $BTC    
- $ETH
- $SOL
- $XRP   
- $ADA   
- $VET
- $SHIB
- ",57,388,797,2023-05-23T11:59:46.000Z,rovercrc,,,,Sentiment: positive
".
@tridog
: ""Crypto is a very strong part of the story of Doge, but it wasn't the beginning and may not be the end.""

By 
@jeffwilser
 

#doge #dogecoin",24,72,45,2023-05-22T21:32:12.000Z,CoinDesk,,,,Sentiment: positive
"$1 BILLION MARKET CAP!!!    

$BTC $ETH $BNB $XRP
$DOGE $SHIB $PEPE

# of days it took each crypto:",136,534,223,2023-05-22T00:54:43.000Z,AltcoinDailyio,,,,Sentiment: positive
"I'm buying more $DOGE here.

Smart or stupid?",81,592,430,2023-05-20T08:40:00.000Z,rovercrc,,,,Sentiment: positive
"In 2016 you missed $BTC
In 2017 you missed $ADA
In 2018 you missed $BNB
In 2019 you missed $LINK
In 2020 you missed $DOT
In 2021 you missed $DOGE
In 2022 you missed $SHIB
In 2023, you shouldn?? miss ______",187,974,1.9K,2023-05-19T08:31:00.000Z,rovercrc,,,,Sentiment: positive
"Would you rather hold $1,000,000 in #Doge or #Pepe?",44,249,498,2023-05-18T12:23:00.000Z,rovercrc,,,,Sentiment: positive
"A key metric could play dampen 
@pepecoineth
's rise to the top. Although $PEPE has room for growth it still lacks the retail involvement seen in $DOGE and $SHIB's rise, according to 
@santimentfeed
. By 
@shauryamalwa
.",29,98,69,2023-05-18T10:45:06.000Z,CoinDesk,,,,Sentiment: positive
I think $PEPE will likely overtake $DOGE in the next bull run!,287,1.2K,574,2023-05-17T17:49:00.000Z,rovercrc,,,,Sentiment: positive
"$DOGE's daily transaction volume climbed to a lifetime peak earlier this week following the launch of DRC-20 standard, a new mechanism that now allows the issuance of tokens on the Dogecoin blockchain. By 
@shauryamalwa
.",48,173,56,2023-05-17T06:41:57.000Z,CoinDesk,,,,Sentiment: positive
I think that $PEPE got serious potential to overtake $DOGE next bull run.,81,415,322,2023-05-16T19:57:00.000Z,rovercrc,,,,Sentiment: positive
"What the best meme for each animal?

Dog: $DOGE
Frog: $PEPE
Cat: ____
Bird: ____

What else?",155,493,1.3K,2023-05-14T13:22:00.000Z,AltcoinDailyio,,,,Sentiment: neutral
I think $PEPE is better than $DOGE!,408,1.6K,875,2023-05-13T10:24:00.000Z,rovercrc,,,,Sentiment: neutral
".
@elonmusk
's tweets have proven to cause immense jumps in tokens mentioned by him, like $DOGE. These jumps are short-lived, however, and Milady NFTs could see the same trading action. By 
@shauryamalwa
.

https://trib.al/RqtdkWH",13,67,45,2023-05-12T06:14:51.000Z,CoinDesk,,,,Sentiment: positive
"#Crypto Market is in MASS CHAOS! 

$PEPE $LADYS $MONG $DOGE

DO NOT BE FOOLED 
>> https://youtu.be/MBFv7Iei_Pc",52,250,217,2023-05-11T22:44:46.000Z,AltcoinDailyio,,,,Sentiment: negative
"""The only value any of these tokens have is the value that we place on them,"" early $DOGE investor 
@GaryLachance
 says about meme coins.

But ""doge is a great unifier.""

Watch more as part of #CoinDeskTurns10: https://coindesk.com/video/early-dogecoin-backer-on-the-rise-of-the-meme-economy/?term=organic&utm_campaign=CoinDesk&utm_content=coindesk+tv%2CFirst+Mover%2Ceditorial&utm_medium=social&utm_source=twitter??,10,35,41,2023-05-11T17:00:42.000Z,CoinDesk
JUST IN: #Dogecoin surpasses 4",800,"000 total wallet addresses.""",7,64,19,2023-05-11T09:50:50.000Z,CryptoTrends,,Sentiment: neutral
"You receive $10,000, and you can only buy one of the following #Crypto. What do you choose?  

- $BTC   
- $ETH
- $SOL
- $XRP  
- $ADA  
- $VET
- $SHIB
- ",338,574,1K,2023-05-08T11:51:36.000Z,rovercrc,,,,Sentiment: positive
"Would you rather have $1,000,000 in $PEPE or $DOGE?",47,371,615,2023-05-06T18:22:00.000Z,rovercrc,,,,Sentiment: positive
"Here's a look at surges for three major meme coins.
 Investing $1 in $DOGE on May 1, 2021, would've yielded $2.22 on May 8, 2021 at its all-time high
 $1 in $SHIB on Sept. 1, 2021, would've yielded $11.90 on Oct. 28, 2021
 $1 in $PEPE on April 19 would've yielded $22 today.",31,85,59,2023-05-05T20:49:29.000Z,CoinDesk,,,,Sentiment: neutral
"Would you rather have $100,000 in $PEPE or $DOGE?",51,436,572,2023-05-05T19:54:00.000Z,rovercrc,,,,Sentiment: positive
"Would you rather have $1,000,000 in $PEPE or $DOGE?",44,353,544,2023-05-04T15:48:00.000Z,rovercrc,,,,Sentiment: positive
Can $PEPE overtake $DOGE?,51,382,501,2023-05-04T08:52:00.000Z,rovercrc,,,,Sentiment: neutral
"LIVE: 
@WhiteHouse
 pushes for punitive tax on crypto mining, $PEPE overtakes $DOGE as it soars to $500 million in market cap and more.

""The Hash"" co-hosts dive into today's top headlines on CoinDesk TV:",4,50,22,2023-05-03T16:00:22.000Z,CoinDesk,,,,Sentiment: neutral
"Frenzied trading activity has pushed the newly-launched pepe token ($PEPE) to garner trading volumes higher than those of dogecoin ($DOGE) and shiba inu ($SHIB) ??which are otherwise the biggest memecoins by these metrics. By 
@shauryamalwa
.",38,96,44,2023-05-03T07:06:44.000Z,CoinDesk,,,,Sentiment: neutral
"In 2013 you missed $BTC
In 2014 you missed $DOGE
In 2015 you missed $XRP
In 2016 you missed $ETH
In 2017 you missed $ADA
In 2018 you missed $BNB
In 2019 you missed $LINK
In 2020 you missed $DOT
In 2021 you missed $SHIB
In 2022 you missed $USDT

In 2023, don?? miss _____.",255,1.4K,1.9K,2023-05-02T18:36:00.000Z,rovercrc,,,,Sentiment: neutral
"You receive $10,000, and you can only buy one of the following #Crypto. What do you choose?  

- $BTC   
- $ETH
- $SOL
- $XRP  
- $ADA  
- $VET
- $MEE
- ",178,891,1.2K,2023-05-02T09:32:00.000Z,rovercrc,,,,Sentiment: neutral
"Do you think $DOGE will hit $1,00 in 2023?

NO                                 YES
                                   ",81,1K,436,2023-04-29T18:37:00.000Z,rovercrc,,,,Sentiment: positive
"Which coin has a bigger community?

#Bitcoin 
#Ethereum
#Doge
#Pepecoin",42,289,398,2023-04-29T15:29:00.000Z,rovercrc,,,,Sentiment: neutral
"Why does Axios reporter 
@BradyDale
 think Dogecoin belongs with Bitcoin and Ethereum as crypto's canonical chains? CoinDesk interviewed the author whose book about FTX's downfall is due to be published shortly.
@danielgkuhn
 at #Consensus2023",8,32,16,2023-04-27T14:35:15.000Z,CoinDesk,,,,Sentiment: neutral
